<manifest alg="2" build="2018.1.0.386" opt="false" iceEnabled="true" iceMarkupVersion="2" iceEnabledOptions="link,responsive,cachebuster,textStyling" exportTarget="other" domain="zhoukovets.ru" resolutions="1x" timestamp="1689444133353">
  <folder name="css">
    <file name="site_global.css" crc="385134208"/>
    <file name="stage9.css" crc="4147278402" ref="stage9"/>
    <file name="stage1.css" crc="532357084" ref="stage1"/>
    <file name="stage4.css" crc="43989070" ref="stage4"/>
    <file name="index.css" crc="87351124" ref="index"/>
    <file name="stage7.css" crc="4081982957" ref="stage7"/>
    <file name="stage10.css" crc="4223531743" ref="stage10"/>
    <file name="stage3.css" crc="4236374811" ref="stage3"/>
    <file name="about.css" crc="354396556" ref="about"/>
    <file name="stage6.css" crc="363764096" ref="stage6"/>
    <file name="stage8.css" crc="4142484505" ref="stage8"/>
    <file name="stage2.css" crc="174966872" ref="stage2"/>
    <file name="stage5.css" crc="268940416" ref="stage5"/>
  </folder>
  <folder name="scripts">
    <file name="jquery-1.8.3.min.js" crc="209076791" ref="index:about:stage1:stage2:stage3:stage4:stage5:stage6:stage7:stage8:stage9:stage10"/>
    <file name="museutils.js" crc="340535759" ref="index:about:stage1:stage2:stage3:stage4:stage5:stage6:stage7:stage8:stage9:stage10"/>
    <file name="whatinput.js" crc="86476730" ref="index:about:stage1:stage2:stage3:stage4:stage5:stage6:stage7:stage8:stage9:stage10"/>
    <file name="museconfig.js" crc="4286661555" ref="index:about:stage1:stage2:stage3:stage4:stage5:stage6:stage7:stage8:stage9:stage10"/>
    <file name="jquery.watch.js" crc="51536988" ref="index:about:stage1:stage2:stage3:stage4:stage5:stage6:stage7:stage8:stage9:stage10"/>
    <file name="jquery.musepolyfill.bgsize.js" crc="4260645839" ref="index:about:stage1:stage2:stage3:stage4:stage5:stage6:stage7:stage8:stage9:stage10"/>
    <file name="require.js" crc="7928878" ref="index:about:stage1:stage2:stage3:stage4:stage5:stage6:stage7:stage8:stage9:stage10"/>
  </folder>
  <folder name="images">
    <file name="welcome.jpg" crc="249987362" ref="index">
      <caption webpage="index" alt=""/>
    </file>
    <file name="scew.svg" crc="4281706874" seo="true" ref="index:stage1:stage2:stage3:stage4:stage5:stage6:stage7:stage8:stage9:stage10">
      <caption webpage="stage9" alt=""/>
      <caption webpage="stage6" alt=""/>
      <caption webpage="stage7" alt=""/>
      <caption webpage="stage5" alt=""/>
      <caption webpage="index" alt=""/>
      <caption webpage="stage1" alt=""/>
      <caption webpage="stage2" alt=""/>
      <caption webpage="stage10" alt=""/>
      <caption webpage="stage8" alt=""/>
      <caption webpage="stage3" alt=""/>
      <caption webpage="stage4" alt=""/>
    </file>
    <file name="scew_poster_.png" crc="3926636248" ref="index"/>
    <file name="compressed__violin258x404.png" crc="4092005331" seo="true" ref="index">
      <caption webpage="index" alt=""/>
    </file>
    <file name="start.svg" crc="44675947" seo="true" ref="index:stage1:stage2:stage3:stage4:stage5:stage6:stage7:stage8:stage9:stage10">
      <caption webpage="stage9" alt=""/>
      <caption webpage="stage6" alt=""/>
      <caption webpage="stage7" alt=""/>
      <caption webpage="stage5" alt=""/>
      <caption webpage="index" alt=""/>
      <caption webpage="stage1" alt=""/>
      <caption webpage="stage2" alt=""/>
      <caption webpage="stage10" alt=""/>
      <caption webpage="stage8" alt=""/>
      <caption webpage="stage3" alt=""/>
      <caption webpage="stage4" alt=""/>
    </file>
    <file name="start_poster_.png" crc="113488756" ref="index"/>
    <file name="end.svg" crc="4015385256" ref="index"/>
    <file name="end_poster_u3108.png" crc="296931841" ref="index"/>
    <file name="mag.svg" crc="122295201" seo="true" ref="index:stage1:stage2:stage3:stage4:stage5:stage6:stage7:stage8:stage9:stage10">
      <caption webpage="stage9" alt=""/>
      <caption webpage="stage6" alt=""/>
      <caption webpage="stage7" alt=""/>
      <caption webpage="stage5" alt=""/>
      <caption webpage="index" alt=""/>
      <caption webpage="stage1" alt=""/>
      <caption webpage="stage2" alt=""/>
      <caption webpage="stage10" alt=""/>
      <caption webpage="stage8" alt=""/>
      <caption webpage="stage3" alt=""/>
      <caption webpage="stage4" alt=""/>
    </file>
    <file name="mag_poster_.png" crc="4019370163" ref="index"/>
    <file name="steps.svg" crc="210380806" seo="true" ref="index:about:stage1:stage2:stage3:stage4:stage5:stage6:stage7:stage8:stage9:stage10">
      <caption webpage="stage9" alt=""/>
      <caption webpage="stage6" alt=""/>
      <caption webpage="stage7" alt=""/>
      <caption webpage="stage5" alt=""/>
      <caption webpage="about" alt=""/>
      <caption webpage="index" alt=""/>
      <caption webpage="stage1" alt=""/>
      <caption webpage="stage2" alt=""/>
      <caption webpage="stage10" alt=""/>
      <caption webpage="stage8" alt=""/>
      <caption webpage="stage3" alt=""/>
      <caption webpage="stage4" alt=""/>
    </file>
    <file name="steps_poster_.png" crc="4181154530" ref="index"/>
    <file name="v-gap.svg" crc="3883315042" seo="true" ref="index:about:stage1:stage2:stage3:stage4:stage5:stage6:stage7:stage8:stage9:stage10">
      <caption webpage="stage9" alt=""/>
      <caption webpage="stage6" alt=""/>
      <caption webpage="stage7" alt=""/>
      <caption webpage="stage5" alt=""/>
      <caption webpage="about" alt=""/>
      <caption webpage="index" alt=""/>
      <caption webpage="stage1" alt=""/>
      <caption webpage="stage2" alt=""/>
      <caption webpage="stage10" alt=""/>
      <caption webpage="stage8" alt=""/>
      <caption webpage="stage3" alt=""/>
      <caption webpage="stage4" alt=""/>
    </file>
    <file name="v-gap_poster_.png" crc="4273455766" ref="index"/>
    <file name="me.png" crc="17829085" ref="index:about">
      <caption webpage="index" alt=""/>
    </file>
    <file name="about.jpg" crc="3898285400" ref="about">
      <caption webpage="about" alt=""/>
    </file>
    <file name="divider.svg" crc="244527181" seo="true" ref="about">
      <caption webpage="about" alt=""/>
      <caption webpage="about" alt=""/>
      <caption webpage="about" alt=""/>
      <caption webpage="about" alt=""/>
    </file>
    <file name="divider_poster_.png" crc="63942024" ref="about"/>
    <file name="stage1.jpg" crc="4195369114" ref="stage1">
      <caption webpage="stage1" alt=""/>
    </file>
    <file name="1__end.svg" crc="4015385256" ref="stage1:stage2:stage3:stage4:stage5:stage6:stage7:stage8:stage9:stage10"/>
    <file name="1__end_poster_u1495.png" crc="296931841" ref="stage1:stage2:stage3:stage4:stage5:stage6:stage7:stage8:stage9:stage10"/>
    <file name="holmes.png" crc="4238061133" seo="true" ref="stage1:stage2:stage3:stage4:stage5:stage6:stage7:stage8:stage9:stage10">
      <caption webpage="stage9" alt=""/>
      <caption webpage="stage6" alt=""/>
      <caption webpage="stage7" alt=""/>
      <caption webpage="stage5" alt=""/>
      <caption webpage="stage10" alt=""/>
      <caption webpage="stage1" alt=""/>
      <caption webpage="stage2" alt=""/>
      <caption webpage="stage8" alt=""/>
      <caption webpage="stage3" alt=""/>
      <caption webpage="stage4" alt=""/>
    </file>
    <file name="finger.gif" crc="386901118" seo="true" ref="stage1:stage2:stage3:stage4:stage5:stage6:stage7:stage8:stage9:stage10">
      <caption webpage="stage9" alt=""/>
      <caption webpage="stage6" alt=""/>
      <caption webpage="stage7" alt=""/>
      <caption webpage="stage5" alt=""/>
      <caption webpage="stage10" alt=""/>
      <caption webpage="stage1" alt=""/>
      <caption webpage="stage2" alt=""/>
      <caption webpage="stage8" alt=""/>
      <caption webpage="stage3" alt=""/>
      <caption webpage="stage4" alt=""/>
    </file>
    <file name="arrow.svg" crc="135603348" seo="true" ref="stage1:stage2:stage3:stage4:stage5:stage6:stage7:stage8:stage9">
      <caption webpage="stage9" alt=""/>
      <caption webpage="stage6" alt=""/>
      <caption webpage="stage7" alt=""/>
      <caption webpage="stage5" alt=""/>
      <caption webpage="stage1" alt=""/>
      <caption webpage="stage2" alt=""/>
      <caption webpage="stage8" alt=""/>
      <caption webpage="stage3" alt=""/>
      <caption webpage="stage4" alt=""/>
    </file>
    <file name="arrow_poster_.png" crc="3864737145" ref="stage1"/>
    <file name="stage2.jpg" crc="137522276" ref="stage2">
      <caption webpage="stage2" alt=""/>
    </file>
    <file name="stage3.jpg" crc="367528821" ref="stage3">
      <caption webpage="stage3" alt=""/>
    </file>
    <file name="stage4.jpg" crc="3865372572" ref="stage4">
      <caption webpage="stage4" alt=""/>
    </file>
    <file name="stage5.jpg" crc="362982099" ref="stage5">
      <caption webpage="stage5" alt=""/>
    </file>
    <file name="stage6.jpg" crc="3948859876" ref="stage6">
      <caption webpage="stage6" alt=""/>
    </file>
    <file name="stage7.jpg" crc="4218394259" ref="stage7">
      <caption webpage="stage7" alt=""/>
    </file>
    <file name="stage8.jpg" crc="3992782718" ref="stage8">
      <caption webpage="stage8" alt=""/>
    </file>
    <file name="stage9.jpg" crc="6254459" ref="stage9">
      <caption webpage="stage9" alt=""/>
    </file>
    <file name="stage10.jpg" crc="477835800" ref="stage10">
      <caption webpage="stage10" alt=""/>
    </file>
    <file name="sertificate.jpg" crc="231614912" seo="true" ref="stage10">
      <caption webpage="stage10" alt=""/>
    </file>
  </folder>
  <file name="index.html" crc="391393134" seo="true" mt="1689392418538" redirect="true"/>
  <file name="about.html" crc="174422165" seo="true" mt="1689382196183" redirect="true"/>
  <file name="stage1.html" crc="5052023" seo="true" mt="1689392888982" redirect="true"/>
  <file name="stage2.html" crc="521417988" seo="true" mt="1689393867628" redirect="true"/>
  <file name="stage3.html" crc="3846177174" seo="true" mt="1689394218238" redirect="true"/>
  <file name="stage4.html" crc="461085722" seo="true" mt="1689394283684" redirect="true"/>
  <file name="stage5.html" crc="4207788081" seo="true" mt="1689394382329" redirect="true"/>
  <file name="stage6.html" crc="4175837388" seo="true" mt="1689394476299" redirect="true"/>
  <file name="stage7.html" crc="111865081" seo="true" mt="1689393766847" redirect="true"/>
  <file name="stage8.html" crc="418286153" seo="true" mt="1689394575823" redirect="true"/>
  <file name="stage9.html" crc="4191986166" seo="true" mt="1689394630402" redirect="true"/>
  <file name="stage10.html" crc="429254803" seo="true" mt="1689394691781" redirect="true"/>
</manifest>